PocketID,MinDistance,AvgDistance,NumContacts,ContactPocketResidues
pocket10,34.11,48.68,0,[]
pocket11,29.42,40.94,0,[]
pocket12,27.24,36.99,0,[]
pocket13,40.5,51.84,0,[]
pocket14,24.74,37.33,0,[]
pocket15,20.51,33.34,0,[]
pocket16,9.55,25.26,0,[]
pocket17,4.95,14.6,1,[369]
pocket18,5.56,19.36,0,[]
pocket19,14.31,27.19,0,[]
pocket1,19.48,34.81,0,[]
pocket20,39.71,52.49,0,[]
pocket21,25.88,40.65,0,[]
pocket22,14.71,28.97,0,[]
pocket23,5.81,11.99,0,[]
pocket24,50.16,60.29,0,[]
pocket25,19.46,31.81,0,[]
pocket26,30.17,43.23,0,[]
pocket27,40.45,50.82,0,[]
pocket28,33.72,48.86,0,[]
pocket29,44.69,57.61,0,[]
pocket2,39.33,49.78,0,[]
pocket30,26.68,35.95,0,[]
pocket31,5.93,18.16,0,[]
pocket32,3.11,10.88,14,"[366, 367, 391]"
pocket33,4.0,14.1,5,[390]
pocket34,53.2,64.86,0,[]
pocket35,26.84,36.68,0,[]
pocket36,45.52,60.94,0,[]
pocket37,30.5,39.17,0,[]
pocket38,42.63,53.77,0,[]
pocket3,12.19,27.26,0,[]
pocket4,23.58,40.36,0,[]
pocket5,10.99,26.27,0,[]
pocket6,29.23,41.79,0,[]
pocket7,21.98,32.8,0,[]
pocket8,26.13,37.73,0,[]
pocket9,23.1,34.62,0,[]
